Question Number,Prompt,Answer,Comments
1,"Prompt: luebe xbotw vgtuj s
Imitation Game Villian 1
U Know What, A
I: How fast do you think you could jack off every guy in this room? Because I know how long it would take me and I can prove it!
I: PiperChat
I: Suck It! Jin-Yang
si lc on va ey",winnie,"Damn this question is a real ENiGmA"
2,"FlLlU-t51ko 
JEQGQYLWMUQG2YLEMUQGCIDTMV3GK4TFEBQW4ZBAMNXW45DJNZ2W65LTEBWGC4DTMUQGS3RANV4SA2TVMRTWK3LFNZ2A==== 
Unoriginal content lol haha
Rip ssr ",pewdiepiesubmissions,""
3,"ckhjlhkurd irjwlery (1) who is a cop with yeynaiebm (2) and bynbnoiaad (3)
f(fine) = (nice)x + weed ---(1)
jackseptikeye ---(2)
k2o4 ---(3)
send in the k-9 unit",ricegum,""
